,item_number,item,country,value_orig,year,converted_value,converted_value_d,converted_value_dthous,converted_value_thous,quantity_head,quantity_tonnes,value,value_thous,ISO3,ISO2,latpc,longpc,exchange_rate,longrc,latrc
10,6,Potatoes,Austria,2737,2017,1417.377812,1417.377812,1417377.812,1417377.812,0,910,1827,1827000,AUT,AT,47.516231,14.550072,1.289,-3.435973,55.378051
24,6,Potatoes,Belgium,571121,2017,211633.8247,211633.8247,211633824.7,211633824.7,0,298325,272796,272796000,BEL,BE,50.503887,4.469936,1.289,-3.435973,55.378051
46,6,Potatoes,China,2,2017,0.77579519,0.77579519,775.7951901,775.7951901,0,1,1,1000,CHN,CN,35.86166,104.195397,1.289,-3.435973,55.378051
57,6,Potatoes,Colombia,32,2017,20.17067494,20.17067494,20170.67494,20170.67494,0,6,26,26000,COL,CO,4.570868,-74.297333,1.289,-3.435973,55.378051
60,6,Potatoes,Croatia,190,2017,34.13498836,34.13498836,34134.98836,34134.98836,0,146,44,44000,HRV,HR,45.1,15.2,1.289,-3.435973,55.378051
71,6,Potatoes,Cyprus,20716,2017,5465.477114,5465.477114,5465477.114,5465477.114,0,13671,7045,7045000,CYP,CY,35.126413,33.429859,1.289,-3.435973,55.378051
79,6,Potatoes,Czechia,1,2017,0.77579519,0.77579519,775.7951901,775.7951901,0,0,1,1000,CZE,CZ,49.817492,15.472962,1.289,-3.435973,55.378051
90,6,Potatoes,Denmark,4442,2017,1673.390225,1673.390225,1673390.225,1673390.225,0,2285,2157,2157000,DNK,DK,56.26392,9.501785,1.289,-3.435973,55.378051
102,6,Potatoes,Egypt,14000,2017,3846.392552,3846.392552,3846392.552,3846392.552,0,9042,4958,4958000,EGY,EG,26.820553,30.802498,1.289,-3.435973,55.378051
119,6,Potatoes,France,37024,2017,10519.00698,10519.00698,10519006.98,10519006.98,0,23465,13559,13559000,FRA,FR,46.227638,2.213749,1.289,-3.435973,55.378051
130,6,Potatoes,Germany,31795,2017,11414.27463,11414.27463,11414274.63,11414274.63,0,17082,14713,14713000,DEU,DE,51.165691,10.451526,1.289,-3.435973,55.378051
142,6,Potatoes,Greece,106,2017,24.04965089,24.04965089,24049.65089,24049.65089,0,75,31,31000,GRC,GR,39.074208,21.824312,1.289,-3.435973,55.378051
149,6,Potatoes,Hungary,28,2017,6.206361521,6.206361521,6206.361521,6206.361521,0,20,8,8000,HUN,HU,47.162494,19.503304,1.289,-3.435973,55.378051
161,6,Potatoes,India,69,2017,37.23816912,37.23816912,37238.16912,37238.16912,0,21,48,48000,IND,IN,20.593684,78.96288,1.289,-3.435973,55.378051
173,6,Potatoes,Ireland,40842,2017,12411.17145,12411.17145,12411171.45,12411171.45,0,24844,15998,15998000,IRL,IE,53.41291,-8.24389,1.289,-3.435973,55.378051
184,6,Potatoes,Israel,70828,2017,18678.045,18678.045,18678045,18678045,0,46752,24076,24076000,ISR,IL,31.046051,34.851612,1.289,-3.435973,55.378051
195,6,Potatoes,Italy,7065,2017,2005.430566,2005.430566,2005430.566,2005430.566,0,4480,2585,2585000,ITA,IT,41.87194,12.56738,1.289,-3.435973,55.378051
203,6,Potatoes,Japan,2,2017,0.77579519,0.77579519,775.7951901,775.7951901,0,1,1,1000,JPN,JP,36.204824,138.252924,1.289,-3.435973,55.378051
205,6,Potatoes,Latvia,4,2017,2.32738557,2.32738557,2327.38557,2327.38557,0,1,3,3000,LVA,LV,56.879635,24.603189,1.289,-3.435973,55.378051
216,6,Potatoes,Lithuania,1903,2017,437.5484872,437.5484872,437548.4872,437548.4872,0,1339,564,564000,LTU,LT,55.169438,23.881275,1.289,-3.435973,55.378051
218,6,Potatoes,Malta,39,2017,10.86113266,10.86113266,10861.13266,10861.13266,0,25,14,14000,MLT,MT,35.937496,14.375416,1.289,-3.435973,55.378051
232,6,Potatoes,Netherlands,719312,2017,272071.3732,272071.3732,272071373.2,272071373.2,0,368612,350700,350700000,NLD,NL,52.132633,5.291266,1.289,-3.435973,55.378051
238,6,Potatoes,Norway,4,2017,0,0,0,0,0,4,0,0,NOR,NO,60.472024,8.468946,1.289,-3.435973,55.378051
256,6,Potatoes,Philippines,3,2017,2.32738557,2.32738557,2327.38557,2327.38557,0,0,3,3000,PHL,PH,12.879721,121.774017,1.289,-3.435973,55.378051
267,6,Potatoes,Poland,2307,2017,692.7851047,692.7851047,692785.1047,692785.1047,0,1414,893,893000,POL,PL,51.919438,19.145136,1.289,-3.435973,55.378051
277,6,Potatoes,Portugal,26,2017,11.63692785,11.63692785,11636.92785,11636.92785,0,11,15,15000,PRT,PT,39.399872,-8.224454,1.289,-3.435973,55.378051
280,6,Potatoes,Romania,66,2017,11.63692785,11.63692785,11636.92785,11636.92785,0,51,15,15000,ROU,RO,45.943161,24.96676,1.289,-3.435973,55.378051
293,6,Potatoes,South Africa,1430,2017,671.0628394,671.0628394,671062.8394,671062.8394,0,565,865,865000,ZAF,ZA,-30.559482,22.937506,1.289,-3.435973,55.378051
306,6,Potatoes,Spain,11562,2017,3397.207137,3397.207137,3397207.137,3397207.137,0,7183,4379,4379000,ESP,ES,40.463667,-3.74922,1.289,-3.435973,55.378051
317,6,Potatoes,Sweden,1998,2017,366.1753297,366.1753297,366175.3297,366175.3297,0,1526,472,472000,SWE,SE,60.128161,18.643501,1.289,-3.435973,55.378051
344,6,Potatoes,United States,702,2017,393.3281614,393.3281614,393328.1614,393328.1614,0,195,507,507000,USA,US,37.09024,-95.712891,1.289,-3.435973,55.378051
345,6,Potatoes,Viet Nam,43,2017,30.25601241,30.25601241,30256.01241,30256.01241,0,4,39,39000,VNM,VN,14.058324,108.277199,1.289,-3.435973,55.378051
356,7,"Meat, cattle and Meat, sheep",Argentina,5903,2017,4114.041893,4114.041893,4114041.893,4114041.893,0,600,5303,5303000,ARG,AR,-38.416097,-63.616672,1.289,-3.435973,55.378051
367,7,"Meat, cattle and Meat, sheep",Australia,110737,2017,75003.87898,75003.87898,75003878.98,75003878.98,22,14035,96680,96680000,AUS,AU,-25.274398,133.775136,1.289,-3.435973,55.378051
378,7,"Meat, cattle and Meat, sheep",Austria,7388,2017,5029.480217,5029.480217,5029480.217,5029480.217,1,904,6483,6483000,AUT,AT,47.516231,14.550072,1.289,-3.435973,55.378051
390,7,"Meat, cattle and Meat, sheep",Belgium,18136,2017,11040.34135,11040.34135,11040341.35,11040341.35,625,3280,14231,14231000,BEL,BE,50.503887,4.469936,1.289,-3.435973,55.378051
402,7,"Meat, cattle and Meat, sheep",Botswana,28383,2017,19017.06749,19017.06749,19017067.49,19017067.49,0,3870,24513,24513000,BWA,BW,-22.328474,24.684866,1.289,-3.435973,55.378051
413,7,"Meat, cattle and Meat, sheep",Brazil,122702,2017,77724.59271,77724.59271,77724592.71,77724592.71,0,22515,100187,100187000,BRA,BR,-14.235004,-51.92528,1.289,-3.435973,55.378051
424,7,"Meat, cattle and Meat, sheep",Bulgaria,386,2017,196.2761831,196.2761831,196276.1831,196276.1831,0,133,253,253000,BGR,BG,42.733883,25.48583,1.289,-3.435973,55.378051
431,7,"Meat, cattle and Meat, sheep",Canada,46,2017,26.37703646,26.37703646,26377.03646,26377.03646,10,2,34,34000,CAN,CA,56.130366,-106.346771,1.289,-3.435973,55.378051
442,7,"Meat, cattle and Meat, sheep",Chile,1844,2017,1221.101629,1221.101629,1221101.629,1221101.629,0,270,1574,1574000,CHL,CL,-35.675147,-71.542969,1.289,-3.435973,55.378051
444,7,"Meat, cattle and Meat, sheep",China,92,2017,58.18463926,58.18463926,58184.63926,58184.63926,0,17,75,75000,CHN,CN,35.86166,104.195397,1.289,-3.435973,55.378051
459,7,"Meat, cattle and Meat, sheep",Cyprus,76,2017,40.34134988,40.34134988,40341.34988,40341.34988,0,24,52,52000,CYP,CY,35.126413,33.429859,1.289,-3.435973,55.378051
466,7,"Meat, cattle and Meat, sheep",Czechia,57,2017,42.66873545,42.66873545,42668.73545,42668.73545,0,2,55,55000,CZE,CZ,49.817492,15.472962,1.289,-3.435973,55.378051
477,7,"Meat, cattle and Meat, sheep",Denmark,22965,2017,14384.01862,14384.01862,14384018.62,14384018.62,10,4414,18541,18541000,DNK,DK,56.26392,9.501785,1.289,-3.435973,55.378051
496,7,"Meat, cattle and Meat, sheep",Falkland Islands (Malvinas),1976,2017,1207.913111,1207.913111,1207913.111,1207913.111,0,419,1557,1557000,FLK,FK,-51.796253,-59.523613,1.289,-3.435973,55.378051
501,7,"Meat, cattle and Meat, sheep",Finland,110,2017,58.18463926,58.18463926,58184.63926,58184.63926,0,35,75,75000,FIN,FI,61.92411,25.748151,1.289,-3.435973,55.378051
512,7,"Meat, cattle and Meat, sheep",France,39620,2017,25018.61908,25018.61908,25018619.08,25018619.08,0,7371,32249,32249000,FRA,FR,46.227638,2.213749,1.289,-3.435973,55.378051
523,7,"Meat, cattle and Meat, sheep",Germany,72042,2017,45072.14895,45072.14895,45072148.95,45072148.95,1559,12385,58098,58098000,DEU,DE,51.165691,10.451526,1.289,-3.435973,55.378051
534,7,"Meat, cattle and Meat, sheep",Greece,3,2017,2.32738557,2.32738557,2327.38557,2327.38557,0,0,3,3000,GRC,GR,39.074208,21.824312,1.289,-3.435973,55.378051
543,7,"Meat, cattle and Meat, sheep",Hungary,115,2017,46.5477114,46.5477114,46547.7114,46547.7114,0,55,60,60000,HUN,HU,47.162494,19.503304,1.289,-3.435973,55.378051
554,7,"Meat, cattle and Meat, sheep",Iceland,5368,2017,3328.937161,3328.937161,3328937.161,3328937.161,0,1077,4291,4291000,ISL,IS,64.963051,-19.020835,1.289,-3.435973,55.378051
566,7,"Meat, cattle and Meat, sheep",Ireland,1307672,2017,831498.0605,831498.0605,831498060.5,831498060.5,6224,229647,1071801,1071801000,IRL,IE,53.41291,-8.24389,1.289,-3.435973,55.378051
577,7,"Meat, cattle and Meat, sheep",Italy,15426,2017,10276.18309,10276.18309,10276183.09,10276183.09,0,2180,13246,13246000,ITA,IT,41.87194,12.56738,1.289,-3.435973,55.378051
581,7,"Meat, cattle and Meat, sheep",Japan,3238,2017,2483.320403,2483.320403,2483320.403,2483320.403,0,37,3201,3201000,JPN,JP,36.204824,138.252924,1.289,-3.435973,55.378051
588,7,"Meat, sheep",Lithuania,11,2017,7.757951901,7.757951901,7757.951901,7757.951901,0,1,10,10000,LTU,LT,55.169438,23.881275,1.289,-3.435973,55.378051
598,7,"Meat, cattle and Meat, sheep",Malta,4,2017,3.10318076,3.10318076,3103.18076,3103.18076,0,0,4,4000,MLT,MT,35.937496,14.375416,1.289,-3.435973,55.378051
609,7,"Meat, cattle and Meat, sheep",Namibia,16183,2017,10965.86501,10965.86501,10965865.01,10965865.01,0,2048,14135,14135000,NAM,NA2,-22.95764,18.49041,1.289,-3.435973,55.378051
620,7,"Meat, cattle and Meat, sheep",Netherlands,126741,2017,82032.5834,82032.5834,82032583.4,82032583.4,904,20097,105740,105740000,NLD,NL,52.132633,5.291266,1.289,-3.435973,55.378051
631,7,"Meat, cattle and Meat, sheep",New Zealand,397836,2017,267543.0566,267543.0566,267543056.6,267543056.6,0,52973,344863,344863000,NZL,NZ,-40.900557,174.885971,1.289,-3.435973,55.378051
639,7,"Meat, cattle and Meat, sheep",Norway,460,2017,241.2723041,241.2723041,241272.3041,241272.3041,0,149,311,311000,NOR,NO,60.472024,8.468946,1.289,-3.435973,55.378051
646,7,"Meat, cattle and Meat, sheep",Paraguay,6873,2017,4739.332816,4739.332816,4739332.816,4739332.816,0,764,6109,6109000,PRY,PY,-23.442503,-58.443832,1.289,-3.435973,55.378051
657,7,"Meat, cattle and Meat, sheep",Poland,107038,2017,68850.27153,68850.27153,68850271.53,68850271.53,0,18290,88748,88748000,POL,PL,51.919438,19.145136,1.289,-3.435973,55.378051
668,7,"Meat, cattle and Meat, sheep",Portugal,2118,2017,1435.221102,1435.221102,1435221.102,1435221.102,0,268,1850,1850000,PRT,PT,39.399872,-8.224454,1.289,-3.435973,55.378051
676,7,"Meat, cattle and Meat, sheep",Romania,257,2017,152.8316524,152.8316524,152831.6524,152831.6524,0,60,197,197000,ROU,RO,45.943161,24.96676,1.289,-3.435973,55.378051
695,7,"Meat, cattle and Meat, sheep",Spain,20913,2017,13152.83165,13152.83165,13152831.65,13152831.65,0,3959,16954,16954000,ESP,ES,40.463667,-3.74922,1.289,-3.435973,55.378051
706,7,"Meat, cattle and Meat, sheep",Sweden,12125,2017,7114.041893,7114.041893,7114041.893,7114041.893,0,2955,9170,9170000,SWE,SE,60.128161,18.643501,1.289,-3.435973,55.378051
730,7,"Meat, cattle and Meat, sheep",United States,3,2017,2.32738557,2.32738557,2327.38557,2327.38557,0,0,3,3000,USA,US,37.09024,-95.712891,1.289,-3.435973,55.378051
741,7,"Meat, cattle and Meat, sheep",Uruguay,23528,2017,16473.23507,16473.23507,16473235.07,16473235.07,0,2294,21234,21234000,URY,UY,-32.522779,-55.765835,1.289,-3.435973,55.378051
760,5,Onions,China,34,2017,6.982156711,6.982156711,6982.156711,6982.156711,0,25,9,9000,CHN,CN,35.86166,104.195397,1.289,-3.435973,55.378051
761,5,Onions,Czechia,4,2017,2.32738557,2.32738557,2327.38557,2327.38557,0,1,3,3000,CZE,CZ,49.817492,15.472962,1.289,-3.435973,55.378051
769,5,Onions,Egypt,704,2017,193.9487975,193.9487975,193948.7975,193948.7975,0,454,250,250000,EGY,EG,26.820553,30.802498,1.289,-3.435973,55.378051
780,5,Onions,France,1874,2017,754.8487199,754.8487199,754848.7199,754848.7199,0,901,973,973000,FRA,FR,46.227638,2.213749,1.289,-3.435973,55.378051
796,5,Onions,India,444,2017,71.37315749,71.37315749,71373.15749,71373.15749,0,352,92,92000,IND,IN,20.593684,78.96288,1.289,-3.435973,55.378051
807,5,Onions,Ireland,96,2017,54.3056633,54.3056633,54305.6633,54305.6633,0,26,70,70000,IRL,IE,53.41291,-8.24389,1.289,-3.435973,55.378051
819,5,Onions,Italy,16,2017,7.757951901,7.757951901,7757.951901,7757.951901,0,6,10,10000,ITA,IT,41.87194,12.56738,1.289,-3.435973,55.378051
838,5,Onions,Netherlands,4345,2017,1684.251358,1684.251358,1684251.358,1684251.358,0,2174,2171,2171000,NLD,NL,52.132633,5.291266,1.289,-3.435973,55.378051
854,5,Onions,Poland,705,2017,214.8952676,214.8952676,214895.2676,214895.2676,0,428,277,277000,POL,PL,51.919438,19.145136,1.289,-3.435973,55.378051
857,5,Onions,South Africa,2,2017,1.55159038,1.55159038,1551.59038,1551.59038,0,0,2,2000,ZAF,ZA,-30.559482,22.937506,1.289,-3.435973,55.378051
865,5,Onions,Spain,77,2017,31.0318076,31.0318076,31031.8076,31031.8076,0,37,40,40000,ESP,ES,40.463667,-3.74922,1.289,-3.435973,55.378051
873,5,Onions,Thailand,3,2017,2.32738557,2.32738557,2327.38557,2327.38557,0,0,3,3000,THA,TH,15.870032,100.992541,1.289,-3.435973,55.378051
1085,4,Leeks,Spain,10929,2017,5408.06827,5408.06827,5408068.27,5408068.27,0,3958,6971,6971000,ESP,ES,40.463667,-3.74922,1.289,-3.435973,55.378051
1037,4,Leeks,Netherlands,3801,2017,1397.982933,1397.982933,1397982.933,1397982.933,0,1999,1802,1802000,NLD,NL,52.132633,5.291266,1.289,-3.435973,55.378051
894,4,Leeks,Belgium,2118,2017,745.5391777,745.5391777,745539.1777,745539.1777,0,1157,961,961000,BEL,BE,50.503887,4.469936,1.289,-3.435973,55.378051
956,4,Leeks,France,1630,2017,665.6322731,665.6322731,665632.2731,665632.2731,0,772,858,858000,FRA,FR,46.227638,2.213749,1.289,-3.435973,55.378051
990,4,Leeks,Ireland,459,2017,214.1194725,214.1194725,214119.4725,214119.4725,0,183,276,276000,IRL,IE,53.41291,-8.24389,1.289,-3.435973,55.378051
945,4,Leeks,Ethiopia,1155,2017,761.8308766,761.8308766,761830.8766,761830.8766,0,173,982,982000,ETH,ET,9.145,40.489673,1.289,-3.435973,55.378051
1073,4,Leeks,South Africa,697,2017,478.6656323,478.6656323,478665.6323,478665.6323,0,80,617,617000,ZAF,ZA,-30.559482,22.937506,1.289,-3.435973,55.378051
908,4,Leeks,China,355,2017,218.7742436,218.7742436,218774.2436,218774.2436,0,73,282,282000,CHN,CN,35.86166,104.195397,1.289,-3.435973,55.378051
967,4,Leeks,Germany,105,2017,51.97827773,51.97827773,51978.27773,51978.27773,0,38,67,67000,DEU,DE,51.165691,10.451526,1.289,-3.435973,55.378051
1060,4,Leeks,Portugal,31,2017,11.63692785,11.63692785,11636.92785,11636.92785,0,16,15,15000,PRT,PT,39.399872,-8.224454,1.289,-3.435973,55.378051
1050,4,Leeks,Poland,94,2017,65.94259116,65.94259116,65942.59116,65942.59116,0,9,85,85000,POL,PL,51.919438,19.145136,1.289,-3.435973,55.378051
1024,4,Leeks,Kenya,68,2017,46.5477114,46.5477114,46547.7114,46547.7114,0,8,60,60000,KEN,KE,-0.023559,37.906193,1.289,-3.435973,55.378051
1107,4,Leeks,United States,60,2017,40.34134988,40.34134988,40341.34988,40341.34988,0,8,52,52000,USA,US,37.09024,-95.712891,1.289,-3.435973,55.378051
925,4,Leeks,Cyprus,5,2017,0.77579519,0.77579519,775.7951901,775.7951901,0,4,1,1000,CYP,CY,35.126413,33.429859,1.289,-3.435973,55.378051
1088,4,Leeks,Tanzania,38,2017,26.37703646,26.37703646,26377.03646,26377.03646,0,4,34,34000,TZA,TZ,-6.369028,34.888822,1.289,-3.435973,55.378051
979,4,Leeks,India,18,2017,11.63692785,11.63692785,11636.92785,11636.92785,0,3,15,15000,IND,IN,20.593684,78.96288,1.289,-3.435973,55.378051
897,4,Leeks,Bulgaria,4,2017,1.55159038,1.55159038,1551.59038,1551.59038,0,2,2,2000,BGR,BG,42.733883,25.48583,1.289,-3.435973,55.378051
1092,4,Leeks,Thailand,17,2017,11.63692785,11.63692785,11636.92785,11636.92785,0,2,15,15000,THA,TH,15.870032,100.992541,1.289,-3.435973,55.378051
1101,4,Leeks,Uganda,22,2017,15.5159038,15.5159038,15515.9038,15515.9038,0,2,20,20000,UGA,UG,1.373333,32.290275,1.289,-3.435973,55.378051
1011,4,Leeks,Italy,4,2017,2.32738557,2.32738557,2327.38557,2327.38557,0,1,3,3000,ITA,IT,41.87194,12.56738,1.289,-3.435973,55.378051
1013,4,Leeks,Jordan,16,2017,11.63692785,11.63692785,11636.92785,11636.92785,0,1,15,15000,JOR,JO,30.585164,36.238414,1.289,-3.435973,55.378051
1110,4,Leeks,Zimbabwe,6,2017,3.87897595,3.87897595,3878.97595,3878.97595,0,1,5,5000,ZWE,ZW,-19.015438,29.154857,1.289,-3.435973,55.378051
1062,4,Leeks,Romania,0,2017,0,0,0,0,0,0,0,0,ROU,RO,45.943161,24.96676,1.289,-3.435973,55.378051
1074,4,Leeks,South Korea,3,2017,2.32738557,2.32738557,2327.38557,2327.38557,0,0,3,3000,KOR,KR,35.907757,127.766922,1.289,-3.435973,55.378051
1108,4,Leeks,Viet Nam,2,2017,1.55159038,1.55159038,1551.59038,1551.59038,0,0,2,2000,VNM,VN,14.058324,108.277199,1.289,-3.435973,55.378051
1120,2,Carrots,Austria,31,2017,10.08533747,10.08533747,10085.33747,10085.33747,0,18,13,13000,AUT,AT,47.516231,14.550072,1.289,-3.435973,55.378051
1131,2,Carrots,Belgium,2309,2017,539.9534523,539.9534523,539953.4523,539953.4523,0,1613,696,696000,BEL,BE,50.503887,4.469936,1.289,-3.435973,55.378051
1134,2,Carrots,Bulgaria,20,2017,3.87897595,3.87897595,3878.97595,3878.97595,0,15,5,5000,BGR,BG,42.733883,25.48583,1.289,-3.435973,55.378051
1145,2,Carrots,China,48,2017,17.06749418,17.06749418,17067.49418,17067.49418,0,26,22,22000,CHN,CN,35.86166,104.195397,1.289,-3.435973,55.378051
1158,2,Carrots,Denmark,55,2017,20.94647013,20.94647013,20946.47013,20946.47013,0,28,27,27000,DNK,DK,56.26392,9.501785,1.289,-3.435973,55.378051
1173,2,Carrots,France,8854,2017,3532.1955,3532.1955,3532195.5,3532195.5,0,4301,4553,4553000,FRA,FR,46.227638,2.213749,1.289,-3.435973,55.378051
1184,2,Carrots,Germany,332,2017,163.6927851,163.6927851,163692.7851,163692.7851,0,121,211,211000,DEU,DE,51.165691,10.451526,1.289,-3.435973,55.378051
1198,2,Carrots,Guatemala,305,2017,200.155159,200.155159,200155.159,200155.159,0,47,258,258000,GTM,GT,15.783471,-90.230759,1.289,-3.435973,55.378051
1200,2,Carrots,India,2,2017,0.77579519,0.77579519,775.7951901,775.7951901,0,1,1,1000,IND,IN,20.593684,78.96288,1.289,-3.435973,55.378051
1211,2,Carrots,Ireland,6681,2017,1101.62917,1101.62917,1101629.17,1101629.17,0,5261,1420,1420000,IRL,IE,53.41291,-8.24389,1.289,-3.435973,55.378051
1222,2,Carrots,Israel,7386,2017,2298.681148,2298.681148,2298681.148,2298681.148,0,4423,2963,2963000,ISR,IL,31.046051,34.851612,1.289,-3.435973,55.378051
1233,2,Carrots,Italy,8061,2017,2408.06827,2408.06827,2408068.27,2408068.27,0,4957,3104,3104000,ITA,IT,41.87194,12.56738,1.289,-3.435973,55.378051
1244,2,Carrots,Kenya,91,2017,59.73622964,59.73622964,59736.22964,59736.22964,0,14,77,77000,KEN,KE,-0.023559,37.906193,1.289,-3.435973,55.378051
1248,2,Carrots,Lithuania,30,2017,6.206361521,6.206361521,6206.361521,6206.361521,0,22,8,8000,LTU,LT,55.169438,23.881275,1.289,-3.435973,55.378051
1266,2,Carrots,Netherlands,6239,2017,2056.633049,2056.633049,2056633.049,2056633.049,0,3588,2651,2651000,NLD,NL,52.132633,5.291266,1.289,-3.435973,55.378051
1274,2,Carrots,Pakistan,2,2017,0.77579519,0.77579519,775.7951901,775.7951901,0,1,1,1000,PAK,PK,30.375321,69.345116,1.289,-3.435973,55.378051
1285,2,Carrots,Poland,10037,2017,5304.111715,5304.111715,5304111.715,5304111.715,0,3200,6837,6837000,POL,PL,51.919438,19.145136,1.289,-3.435973,55.378051
1296,2,Carrots,Portugal,171,2017,102.4049651,102.4049651,102404.9651,102404.9651,0,39,132,132000,PRT,PT,39.399872,-8.224454,1.289,-3.435973,55.378051
1297,2,Carrots,Romania,1,2017,0,0,0,0,0,1,0,0,ROU,RO,45.943161,24.96676,1.289,-3.435973,55.378051
1309,2,Carrots,South Africa,2477,2017,1684.251358,1684.251358,1684251.358,1684251.358,0,306,2171,2171000,ZAF,ZA,-30.559482,22.937506,1.289,-3.435973,55.378051
1320,2,Carrots,Spain,4375,2017,1212.567882,1212.567882,1212567.882,1212567.882,0,2812,1563,1563000,ESP,ES,40.463667,-3.74922,1.289,-3.435973,55.378051
1325,2,Carrots,Turkey,39,2017,14.74010861,14.74010861,14740.10861,14740.10861,0,20,19,19000,TUR,TR,38.963745,35.243322,1.289,-3.435973,55.378051
1336,2,Carrots,United States,395,2017,178.4328937,178.4328937,178432.8937,178432.8937,0,165,230,230000,USA,US,37.09024,-95.712891,1.289,-3.435973,55.378051
1346,2,Carrots,Zimbabwe,63,2017,42.66873545,42.66873545,42668.73545,42668.73545,0,8,55,55000,ZWE,ZW,-19.015438,29.154857,1.289,-3.435973,55.378051
1364,8,Other vegetables,Austria,3,2017,1.55159038,1.55159038,1551.59038,1551.59038,0,1,2,2000,AUT,AT,47.516231,14.550072,1.289,-3.435973,55.378051
1384,8,Other vegetables,Belgium,784,2017,273.0799069,273.0799069,273079.9069,273079.9069,0,432,352,352000,BEL,BE,50.503887,4.469936,1.289,-3.435973,55.378051
1393,8,Other vegetables,Bulgaria,1,2017,0,0,0,0,0,1,0,0,BGR,BG,42.733883,25.48583,1.289,-3.435973,55.378051
1409,8,Other vegetables,China,39,2017,18.61908456,18.61908456,18619.08456,18619.08456,0,15,24,24000,CHN,CN,35.86166,104.195397,1.289,-3.435973,55.378051
1436,8,Other vegetables,Cyprus,30,2017,6.982156711,6.982156711,6982.156711,6982.156711,0,21,9,9000,CYP,CY,35.126413,33.429859,1.289,-3.435973,55.378051
1489,8,Other vegetables,France,9634,2017,4039.565555,4039.565555,4039565.555,4039565.555,0,4427,5207,5207000,FRA,FR,46.227638,2.213749,1.289,-3.435973,55.378051
1503,8,Other vegetables,Germany,8270,2017,3907.680372,3907.680372,3907680.372,3907680.372,0,3233,5037,5037000,DEU,DE,51.165691,10.451526,1.289,-3.435973,55.378051
1518,8,Other vegetables,Greece,12,2017,3.87897595,3.87897595,3878.97595,3878.97595,0,7,5,5000,GRC,GR,39.074208,21.824312,1.289,-3.435973,55.378051
1536,8,Other vegetables,Hong Kong,5,2017,2.32738557,2.32738557,2327.38557,2327.38557,0,2,3,3000,HKG,HK,22.396428,114.109497,1.289,-3.435973,55.378051
1547,8,Other vegetables,Hungary,433,2017,213.3436773,213.3436773,213343.6773,213343.6773,0,158,275,275000,HUN,HU,47.162494,19.503304,1.289,-3.435973,55.378051
1568,8,Other vegetables,Ireland,866,2017,360.7447634,360.7447634,360744.7634,360744.7634,0,401,465,465000,IRL,IE,53.41291,-8.24389,1.289,-3.435973,55.378051
1579,8,Other vegetables,Israel,2417,2017,971.295578,971.295578,971295.578,971295.578,0,1165,1252,1252000,ISR,IL,31.046051,34.851612,1.289,-3.435973,55.378051
1590,8,Other vegetables,Italy,1845,2017,677.2692009,677.2692009,677269.2009,677269.2009,0,972,873,873000,ITA,IT,41.87194,12.56738,1.289,-3.435973,55.378051
1605,8,Other vegetables,Japan,87,2017,66.71838635,66.71838635,66718.38635,66718.38635,0,1,86,86000,JPN,JP,36.204824,138.252924,1.289,-3.435973,55.378051
1626,8,Other vegetables,Latvia,49,2017,20.94647013,20.94647013,20946.47013,20946.47013,0,22,27,27000,LVA,LV,56.879635,24.603189,1.289,-3.435973,55.378051
1642,8,Other vegetables,Lithuania,2235,2017,851.0473235,851.0473235,851047.3235,851047.3235,0,1138,1097,1097000,LTU,LT,55.169438,23.881275,1.289,-3.435973,55.378051
1666,8,Other vegetables,Morocco,2724,2017,972.0713732,972.0713732,972071.3732,972071.3732,0,1471,1253,1253000,MAR,MA,31.791702,-7.09262,1.289,-3.435973,55.378051
1685,8,Other vegetables,Netherlands,20061,2017,7349.883631,7349.883631,7349883.631,7349883.631,0,10587,9474,9474000,NLD,NL,52.132633,5.291266,1.289,-3.435973,55.378051
1728,8,Other vegetables,Poland,906,2017,244.3754849,244.3754849,244375.4849,244375.4849,0,591,315,315000,POL,PL,51.919438,19.145136,1.289,-3.435973,55.378051
1739,8,Other vegetables,Portugal,3283,2017,1028.704422,1028.704422,1028704.422,1028704.422,0,1957,1326,1326000,PRT,PT,39.399872,-8.224454,1.289,-3.435973,55.378051
1745,8,Other vegetables,Romania,8,2017,2.32738557,2.32738557,2327.38557,2327.38557,0,5,3,3000,ROU,RO,45.943161,24.96676,1.289,-3.435973,55.378051
1761,8,Other vegetables,Senegal,4492,2017,1894.491854,1894.491854,1894491.854,1894491.854,0,2050,2442,2442000,SEN,SN,14.497401,-14.452362,1.289,-3.435973,55.378051
1777,8,Other vegetables,South Africa,154,2017,104.7323507,104.7323507,104732.3507,104732.3507,0,19,135,135000,ZAF,ZA,-30.559482,22.937506,1.289,-3.435973,55.378051
1788,8,Other vegetables,South Korea,38,2017,15.5159038,15.5159038,15515.9038,15515.9038,0,18,20,20000,KOR,KR,35.907757,127.766922,1.289,-3.435973,55.378051
1799,8,Other vegetables,Spain,114942,2017,29286.26843,29286.26843,29286268.43,29286268.43,0,77192,37750,37750000,ESP,ES,40.463667,-3.74922,1.289,-3.435973,55.378051
1840,8,Other vegetables,Turkey,13,2017,4.65477114,4.65477114,4654.77114,4654.77114,0,7,6,6000,TUR,TR,38.963745,35.243322,1.289,-3.435973,55.378051
1846,8,Other vegetables,Ukraine,6,2017,1.55159038,1.55159038,1551.59038,1551.59038,0,4,2,2000,UKR,UA,48.379433,31.16558,1.289,-3.435973,55.378051
1856,8,Other vegetables,United States,17,2017,6.982156711,6.982156711,6982.156711,6982.156711,0,8,9,9000,USA,US,37.09024,-95.712891,1.289,-3.435973,55.378051
1881,3,Condiments,Antigua and Barbuda,22,2017,15.5159038,15.5159038,15515.9038,15515.9038,0,2,20,20000,ATG,AG,17.060816,-61.796428,1.289,-3.435973,55.378051
1890,3,Condiments,Argentina,23,2017,17.06749418,17.06749418,17067.49418,17067.49418,0,1,22,22000,ARG,AR,-38.416097,-63.616672,1.289,-3.435973,55.378051
1902,3,Condiments,Australia,6997,2017,4861.132661,4861.132661,4861132.661,4861132.661,0,731,6266,6266000,AUS,AU,-25.274398,133.775136,1.289,-3.435973,55.378051
1913,3,Condiments,Austria,21871,2017,13051.20248,13051.20248,13051202.48,13051202.48,0,5048,16823,16823000,AUT,AT,47.516231,14.550072,1.289,-3.435973,55.378051
1914,3,Condiments,Azerbaijan,2,2017,1.55159038,1.55159038,1551.59038,1551.59038,0,0,2,2000,AZE,AZ,40.143105,47.576927,1.289,-3.435973,55.378051
1916,3,Condiments,Bahamas,2,2017,1.55159038,1.55159038,1551.59038,1551.59038,0,0,2,2000,BHS,BS,25.03428,-77.39628,1.289,-3.435973,55.378051
1931,3,Condiments,Bangladesh,607,2017,290.1474011,290.1474011,290147.4011,290147.4011,0,233,374,374000,BGD,BD,23.684994,90.356331,1.289,-3.435973,55.378051
1942,3,Condiments,Barbados,326,2017,168.3475562,168.3475562,168347.5562,168347.5562,0,109,217,217000,BRB,BB,13.193887,-59.543198,1.289,-3.435973,55.378051
1956,3,Condiments,Belgium,241587,2017,107383.2428,107383.2428,107383242.8,107383242.8,0,103170,138417,138417000,BEL,BE,50.503887,4.469936,1.289,-3.435973,55.378051
1960,3,Condiments,Belize,17,2017,10.08533747,10.08533747,10085.33747,10085.33747,0,4,13,13000,BLZ,BZ,17.189877,-88.49765,1.289,-3.435973,55.378051
1964,3,Condiments,Bolivia,100,2017,65.16679597,65.16679597,65166.79597,65166.79597,0,16,84,84000,BOL,BO,-16.290154,-63.588653,1.289,-3.435973,55.378051
1972,3,Condiments,Bosnia and Herzegovina,23,2017,13.96431342,13.96431342,13964.31342,13964.31342,0,5,18,18000,BIH,BA,43.915886,17.679076,1.289,-3.435973,55.378051
1984,3,Condiments,Brazil,7611,2017,4647.013189,4647.013189,4647013.189,4647013.189,0,1621,5990,5990000,BRA,BR,-14.235004,-51.92528,1.289,-3.435973,55.378051
1997,3,Condiments,Bulgaria,466,2017,244.3754849,244.3754849,244375.4849,244375.4849,0,151,315,315000,BGR,BG,42.733883,25.48583,1.289,-3.435973,55.378051
2005,3,Condiments,Cambodia,1036,2017,477.1140419,477.1140419,477114.0419,477114.0419,0,421,615,615000,KHM,KH,12.565679,104.990963,1.289,-3.435973,55.378051
2006,3,Condiments,Cameroon,334,2017,199.3793638,199.3793638,199379.3638,199379.3638,0,77,257,257000,CMR,CM,7.369722,12.354722,1.289,-3.435973,55.378051
2017,3,Condiments,Canada,19509,2017,12466.25291,12466.25291,12466252.91,12466252.91,0,3440,16069,16069000,CAN,CA,56.130366,-106.346771,1.289,-3.435973,55.378051
2026,3,Condiments,Chile,8,2017,5.43056633,5.43056633,5430.56633,5430.56633,0,1,7,7000,CHL,CL,-35.675147,-71.542969,1.289,-3.435973,55.378051
2037,3,Condiments,China,124112,2017,71245.92708,71245.92708,71245927.08,71245927.08,0,32276,91836,91836000,CHN,CN,35.86166,104.195397,1.289,-3.435973,55.378051
2048,3,Condiments,Colombia,134,2017,94.64701319,94.64701319,94647.01319,94647.01319,0,12,122,122000,COL,CO,4.570868,-74.297333,1.289,-3.435973,55.378051
2059,3,Condiments,Costa Rica,406,2017,225.7564003,225.7564003,225756.4003,225756.4003,0,115,291,291000,CRI,CR,9.748917,-83.753428,1.289,-3.435973,55.378051
2070,3,Condiments,Cote d'Ivoire,60,2017,27.15283165,27.15283165,27152.83165,27152.83165,0,25,35,35000,CIV,CI,7.539989,-5.54708,1.289,-3.435973,55.378051
2081,3,Condiments,Croatia,140,2017,72.14895268,72.14895268,72148.95268,72148.95268,0,47,93,93000,HRV,HR,45.1,15.2,1.289,-3.435973,55.378051
2093,3,Condiments,Cyprus,2104,2017,1186.190846,1186.190846,1186190.846,1186190.846,0,575,1529,1529000,CYP,CY,35.126413,33.429859,1.289,-3.435973,55.378051
2104,3,Condiments,Czechia,13355,2017,9435.996897,9435.996897,9435996.897,9435996.897,0,1192,12163,12163000,CZE,CZ,49.817492,15.472962,1.289,-3.435973,55.378051
2116,3,Condiments,Denmark,370832,2017,242152.8317,242152.8317,242152831.7,242152831.7,0,58697,312135,312135000,DNK,DK,56.26392,9.501785,1.289,-3.435973,55.378051
2136,3,Condiments,Dominican Republic,401,2017,224.9806051,224.9806051,224980.6051,224980.6051,0,111,290,290000,DOM,DO,18.735693,-70.162651,1.289,-3.435973,55.378051
2143,3,Condiments,Ecuador,48,2017,24.82544608,24.82544608,24825.44608,24825.44608,0,16,32,32000,ECU,EC,-1.831239,-78.183406,1.289,-3.435973,55.378051
2154,3,Condiments,Egypt,835,2017,405.7408844,405.7408844,405740.8844,405740.8844,0,312,523,523000,EGY,EG,26.820553,30.802498,1.289,-3.435973,55.378051
2165,3,Condiments,Estonia,876,2017,621.4119472,621.4119472,621411.9472,621411.9472,0,75,801,801000,EST,EE,58.595272,25.013607,1.289,-3.435973,55.378051
2172,3,Condiments,Eswatini,34,2017,22.49806051,22.49806051,22498.06051,22498.06051,0,5,29,29000,SWZ,SZ,-26.522503,31.465866,1.289,-3.435973,55.378051
2174,3,Condiments,Ethiopia,4,2017,2.32738557,2.32738557,2327.38557,2327.38557,0,1,3,3000,ETH,ET,9.145,40.489673,1.289,-3.435973,55.378051
2178,3,Condiments,Fiji,30,2017,17.06749418,17.06749418,17067.49418,17067.49418,0,8,22,22000,FJI,FJ,-16.578193,179.414413,1.289,-3.435973,55.378051
2189,3,Condiments,Finland,2407,2017,1513.576416,1513.576416,1513576.416,1513576.416,0,456,1951,1951000,FIN,FI,61.92411,25.748151,1.289,-3.435973,55.378051
2202,3,Condiments,France,266503,2017,155848.7199,155848.7199,155848719.9,155848719.9,0,65614,200889,200889000,FRA,FR,46.227638,2.213749,1.289,-3.435973,55.378051
2206,3,Condiments,Georgia,6,2017,4.65477114,4.65477114,4654.77114,4654.77114,0,0,6,6000,GEO,GE,42.315407,43.356892,1.289,-3.435973,55.378051
2217,3,Condiments,Germany,423965,2017,241241.2723,241241.2723,241241272.3,241241272.3,0,113005,310960,310960000,DEU,DE,51.165691,10.451526,1.289,-3.435973,55.378051
2228,3,Condiments,Ghana,2581,2017,1239.720714,1239.720714,1239720.714,1239720.714,0,983,1598,1598000,GHA,GH,7.946527,-1.023194,1.289,-3.435973,55.378051
2239,3,Condiments,Greece,25795,2017,16376.26067,16376.26067,16376260.67,16376260.67,0,4686,21109,21109000,GRC,GR,39.074208,21.824312,1.289,-3.435973,55.378051
2243,3,Condiments,Grenada,3,2017,2.32738557,2.32738557,2327.38557,2327.38557,0,0,3,3000,GRD,GD,12.262776,-61.604171,1.289,-3.435973,55.378051
2252,3,Condiments,Guyana,4,2017,2.32738557,2.32738557,2327.38557,2327.38557,0,1,3,3000,GUY,GY,4.860416,-58.93018,1.289,-3.435973,55.378051
2264,3,Condiments,Hong Kong,21320,2017,12170.67494,12170.67494,12170674.94,12170674.94,0,5632,15688,15688000,HKG,HK,22.396428,114.109497,1.289,-3.435973,55.378051
2275,3,Condiments,Hungary,19222,2017,12029.48022,12029.48022,12029480.22,12029480.22,0,3716,15506,15506000,HUN,HU,47.162494,19.503304,1.289,-3.435973,55.378051
2286,3,Condiments,Iceland,6,2017,4.65477114,4.65477114,4654.77114,4654.77114,0,0,6,6000,ISL,IS,64.963051,-19.020835,1.289,-3.435973,55.378051
2297,3,Condiments,India,25690,2017,15631.49728,15631.49728,15631497.28,15631497.28,0,5541,20149,20149000,IND,IN,20.593684,78.96288,1.289,-3.435973,55.378051
2308,3,Condiments,Indonesia,24857,2017,12481.76881,12481.76881,12481768.81,12481768.81,0,8768,16089,16089000,IDN,ID,-0.789275,113.921327,1.289,-3.435973,55.378051
2319,3,Condiments,Iran,128,2017,60.51202483,60.51202483,60512.02483,60512.02483,0,50,78,78000,IRN,IR,32.427908,53.688046,1.289,-3.435973,55.378051
2321,3,Condiments,Iraq,1,2017,0.77579519,0.77579519,775.7951901,775.7951901,0,0,1,1000,IRQ,IQ,33.223191,43.679291,1.289,-3.435973,55.378051
2332,3,Condiments,Ireland,564926,2017,378096.1986,378096.1986,378096198.6,378096198.6,0,77560,487366,487366000,IRL,IE,53.41291,-8.24389,1.289,-3.435973,55.378051
2343,3,Condiments,Israel,7724,2017,4768.037238,4768.037238,4768037.238,4768037.238,0,1578,6146,6146000,ISR,IL,31.046051,34.851612,1.289,-3.435973,55.378051
2354,3,Condiments,Italy,518016,2017,262935.609,262935.609,262935609,262935609,0,179092,338924,338924000,ITA,IT,41.87194,12.56738,1.289,-3.435973,55.378051
2365,3,Condiments,Jamaica,3416,2017,1941.039566,1941.039566,1941039.566,1941039.566,0,914,2502,2502000,JAM,JM,18.109581,-77.297508,1.289,-3.435973,55.378051
2376,3,Condiments,Japan,17986,2017,11413.49884,11413.49884,11413498.84,11413498.84,0,3274,14712,14712000,JPN,JP,36.204824,138.252924,1.289,-3.435973,55.378051
2385,3,Condiments,Jordan,74,2017,51.20248254,51.20248254,51202.48254,51202.48254,0,8,66,66000,JOR,JO,30.585164,36.238414,1.289,-3.435973,55.378051
2395,3,Condiments,Kenya,2,2017,0.77579519,0.77579519,775.7951901,775.7951901,0,1,1,1000,KEN,KE,-0.023559,37.906193,1.289,-3.435973,55.378051
2401,3,Condiments,Kuwait,11,2017,7.757951901,7.757951901,7757.951901,7757.951901,0,1,10,10000,KWT,KW,29.31166,47.481766,1.289,-3.435973,55.378051
2405,3,Condiments,Laos,2,2017,1.55159038,1.55159038,1551.59038,1551.59038,0,0,2,2000,LAO,LA,19.85627,102.495496,1.289,-3.435973,55.378051
2416,3,Condiments,Latvia,1899,2017,931.7300233,931.7300233,931730.0233,931730.0233,0,698,1201,1201000,LVA,LV,56.879635,24.603189,1.289,-3.435973,55.378051
2427,3,Condiments,Lebanon,1200,2017,675.7176106,675.7176106,675717.6106,675717.6106,0,329,871,871000,LBN,LB,33.854721,35.862285,1.289,-3.435973,55.378051
2439,3,Condiments,Lithuania,6154,2017,3128.006206,3128.006206,3128006.206,3128006.206,0,2122,4032,4032000,LTU,LT,55.169438,23.881275,1.289,-3.435973,55.378051
2448,3,Condiments,Luxembourg,275,2017,211.7920869,211.7920869,211792.0869,211792.0869,0,2,273,273000,LUX,LU,49.815273,6.129583,1.289,-3.435973,55.378051
2451,3,Condiments,Macao,13,2017,6.982156711,6.982156711,6982.156711,6982.156711,0,4,9,9000,MAC,MO,22.198745,113.543873,1.289,-3.435973,55.378051
2454,3,Condiments,Madagascar,2,2017,1.55159038,1.55159038,1551.59038,1551.59038,0,0,2,2000,MDG,MG,-18.766947,46.869107,1.289,-3.435973,55.378051
2456,3,Condiments,Malawi,6,2017,0.77579519,0.77579519,775.7951901,775.7951901,0,5,1,1000,MWI,MW,-13.254308,34.301525,1.289,-3.435973,55.378051
2467,3,Condiments,Malaysia,17984,2017,9944.142746,9944.142746,9944142.746,9944142.746,0,5166,12818,12818000,MYS,MY,4.210484,101.975766,1.289,-3.435973,55.378051
2478,3,Condiments,Malta,1869,2017,847.9441427,847.9441427,847944.1427,847944.1427,0,776,1093,1093000,MLT,MT,35.937496,14.375416,1.289,-3.435973,55.378051
2489,3,Condiments,Mauritius,39,2017,19.39487975,19.39487975,19394.87975,19394.87975,0,14,25,25000,MUS,MU,-20.348404,57.552152,1.289,-3.435973,55.378051
2500,3,Condiments,Mexico,5846,2017,3824.670287,3824.670287,3824670.287,3824670.287,0,916,4930,4930000,MEX,MX,23.634501,-102.552784,1.289,-3.435973,55.378051
2511,3,Condiments,Morocco,1165,2017,706.7494182,706.7494182,706749.4182,706749.4182,0,254,911,911000,MAR,MA,31.791702,-7.09262,1.289,-3.435973,55.378051
2524,3,Condiments,Nepal,187,2017,106.283941,106.283941,106283.941,106283.941,0,50,137,137000,NPL,NP,28.394857,84.124008,1.289,-3.435973,55.378051
2535,3,Condiments,Netherlands,636835,2017,326162.917,326162.917,326162917,326162917,0,216411,420424,420424000,NLD,NL,52.132633,5.291266,1.289,-3.435973,55.378051
2546,3,Condiments,New Zealand,1443,2017,986.8114818,986.8114818,986811.4818,986811.4818,0,171,1272,1272000,NZL,NZ,-40.900557,174.885971,1.289,-3.435973,55.378051
2559,3,Condiments,Nigeria,1933,2017,854.9262995,854.9262995,854926.2995,854926.2995,0,831,1102,1102000,NGA,NG,9.081999,8.675277,1.289,-3.435973,55.378051
2567,3,Condiments,North Macedonia,309,2017,215.6710628,215.6710628,215671.0628,215671.0628,0,31,278,278000,MKD,MK,41.608635,21.745275,1.289,-3.435973,55.378051
2578,3,Condiments,Norway,5640,2017,3892.940264,3892.940264,3892940.264,3892940.264,0,622,5018,5018000,NOR,NO,60.472024,8.468946,1.289,-3.435973,55.378051
2581,3,Condiments,Oman,2,2017,1.55159038,1.55159038,1551.59038,1551.59038,0,0,2,2000,OMN,OM,21.512583,55.923255,1.289,-3.435973,55.378051
2592,3,Condiments,Pakistan,6048,2017,3495.733126,3495.733126,3495733.126,3495733.126,0,1542,4506,4506000,PAK,PK,30.375321,69.345116,1.289,-3.435973,55.378051
2603,3,Condiments,Palestine,46,2017,30.25601241,30.25601241,30256.01241,30256.01241,0,7,39,39000,PSE,PS,31.952162,35.233154,1.289,-3.435973,55.378051
2617,3,Condiments,Peru,161,2017,114.0418929,114.0418929,114041.8929,114041.8929,0,14,147,147000,PER,PE,-9.189967,-75.015152,1.289,-3.435973,55.378051
2628,3,Condiments,Philippines,5836,2017,3147.401086,3147.401086,3147401.086,3147401.086,0,1779,4057,4057000,PHL,PH,12.879721,121.774017,1.289,-3.435973,55.378051
2639,3,Condiments,Poland,153508,2017,78491.07836,78491.07836,78491078.36,78491078.36,0,52333,101175,101175000,POL,PL,51.919438,19.145136,1.289,-3.435973,55.378051
2650,3,Condiments,Portugal,75223,2017,26505.81846,26505.81846,26505818.46,26505818.46,0,41057,34166,34166000,PRT,PT,39.399872,-8.224454,1.289,-3.435973,55.378051
2652,3,Condiments,Qatar,1,2017,0.77579519,0.77579519,775.7951901,775.7951901,0,0,1,1000,QAT,QA,25.354826,51.183884,1.289,-3.435973,55.378051
2660,3,Condiments,Romania,8102,2017,5173.002327,5173.002327,5173002.327,5173002.327,0,1434,6668,6668000,ROU,RO,45.943161,24.96676,1.289,-3.435973,55.378051
2670,3,Condiments,Russian Federation,165,2017,124.9030256,124.9030256,124903.0256,124903.0256,0,4,161,161000,RUS,RU,61.52401,105.318756,1.289,-3.435973,55.378051
2683,3,Condiments,Saint Lucia,254,2017,143.5221102,143.5221102,143522.1102,143522.1102,0,69,185,185000,LCA,LC,13.909444,-60.978893,1.289,-3.435973,55.378051
2701,3,Condiments,Saudi Arabia,215,2017,122.57564,122.57564,122575.64,122575.64,0,57,158,158000,SAU,SA,23.885942,45.079162,1.289,-3.435973,55.378051
2716,3,Condiments,Serbia,10606,2017,5373.157486,5373.157486,5373157.486,5373157.486,0,3680,6926,6926000,SRB,RS,44.016521,21.005859,1.289,-3.435973,55.378051
2731,3,Condiments,Singapore,15080,2017,7744.763382,7744.763382,7744763.382,7744763.382,0,5097,9983,9983000,SGP,SG,1.352083,103.819836,1.289,-3.435973,55.378051
2742,3,Condiments,Slovakia,9177,2017,5875.87277,5875.87277,5875872.77,5875872.77,0,1603,7574,7574000,SVK,SK,48.669026,19.699024,1.289,-3.435973,55.378051
2752,3,Condiments,Slovenia,2,2017,1.55159038,1.55159038,1551.59038,1551.59038,0,0,2,2000,SVN,SI,46.151241,14.995463,1.289,-3.435973,55.378051
2763,3,Condiments,South Africa,11599,2017,7028.704422,7028.704422,7028704.422,7028704.422,0,2539,9060,9060000,ZAF,ZA,-30.559482,22.937506,1.289,-3.435973,55.378051
2774,3,Condiments,South Korea,24012,2017,14342.12568,14342.12568,14342125.68,14342125.68,0,5525,18487,18487000,KOR,KR,35.907757,127.766922,1.289,-3.435973,55.378051
2785,3,Condiments,Spain,159007,2017,72917.76571,72917.76571,72917765.71,72917765.71,0,65016,93991,93991000,ESP,ES,40.463667,-3.74922,1.289,-3.435973,55.378051
2796,3,Condiments,Sri Lanka,6374,2017,3957.331265,3957.331265,3957331.265,3957331.265,0,1273,5101,5101000,LKA,LK,7.873054,80.771797,1.289,-3.435973,55.378051
2807,3,Condiments,Sweden,48514,2017,33301.78433,33301.78433,33301784.33,33301784.33,0,5588,42926,42926000,SWE,SE,60.128161,18.643501,1.289,-3.435973,55.378051
2818,3,Condiments,Switzerland,61677,2017,43192.39721,43192.39721,43192397.21,43192397.21,0,6002,55675,55675000,CHE,CH,46.818188,8.227512,1.289,-3.435973,55.378051
2828,3,Condiments,Syria,75,2017,27.92862684,27.92862684,27928.62684,27928.62684,0,39,36,36000,SYR,SY,34.802075,38.996815,1.289,-3.435973,55.378051
2839,3,Condiments,Taiwan,5870,2017,3487.199379,3487.199379,3487199.379,3487199.379,0,1375,4495,4495000,TWN,TW,23.69781,120.960515,1.289,-3.435973,55.378051
2851,3,Condiments,Thailand,134711,2017,66602.01707,66602.01707,66602017.07,66602017.07,0,48861,85850,85850000,THA,TH,15.870032,100.992541,1.289,-3.435973,55.378051
2864,3,Condiments,Trinidad and Tobago,2142,2017,1570.98526,1570.98526,1570985.26,1570985.26,0,117,2025,2025000,TTO,TT,10.691803,-61.222503,1.289,-3.435973,55.378051
2873,3,Condiments,Tunisia,865,2017,390.2249806,390.2249806,390224.9806,390224.9806,0,362,503,503000,TUN,TN,33.886917,9.537499,1.289,-3.435973,55.378051
2884,3,Condiments,Turkey,8896,2017,4004.654771,4004.654771,4004654.771,4004654.771,0,3734,5162,5162000,TUR,TR,38.963745,35.243322,1.289,-3.435973,55.378051
2901,3,Condiments,Ukraine,7618,2017,3652.443755,3652.443755,3652443.755,3652443.755,0,2910,4708,4708000,UKR,UA,48.379433,31.16558,1.289,-3.435973,55.378051
2912,3,Condiments,United Arab Emirates,2240,2017,1641.582622,1641.582622,1641582.622,1641582.622,0,124,2116,2116000,ARE,AE,23.424076,53.847818,1.289,-3.435973,55.378051
2923,3,Condiments,United States,265147,2017,181402.6377,181402.6377,181402637.7,181402637.7,0,31319,233828,233828000,USA,US,37.09024,-95.712891,1.289,-3.435973,55.378051
2932,3,Condiments,Uruguay,2,2017,1.55159038,1.55159038,1551.59038,1551.59038,0,0,2,2000,URY,UY,-32.522779,-55.765835,1.289,-3.435973,55.378051
2944,3,Condiments,Viet Nam,8931,2017,5242.048099,5242.048099,5242048.099,5242048.099,0,2174,6757,6757000,VNM,VN,14.058324,108.277199,1.289,-3.435973,55.378051
2957,3,Condiments,Zimbabwe,6,2017,3.87897595,3.87897595,3878.97595,3878.97595,0,1,5,5000,ZWE,ZW,-19.015438,29.154857,1.289,-3.435973,55.378051
2973,1,Cabbages,Belgium,1705,2017,550.8145849,550.8145849,550814.5849,550814.5849,0,995,710,710000,BEL,BE,50.503887,4.469936,1.289,-3.435973,55.378051
2974,1,Cabbages,Bulgaria,17,2017,3.87897595,3.87897595,3878.97595,3878.97595,0,12,5,5000,BGR,BG,42.733883,25.48583,1.289,-3.435973,55.378051
2987,1,Cabbages,China,1606,2017,868.1148177,868.1148177,868114.8177,868114.8177,0,487,1119,1119000,CHN,CN,35.86166,104.195397,1.289,-3.435973,55.378051
3003,1,Cabbages,Denmark,9,2017,4.65477114,4.65477114,4654.77114,4654.77114,0,3,6,6000,DNK,DK,56.26392,9.501785,1.289,-3.435973,55.378051
3018,1,Cabbages,France,875,2017,431.3421257,431.3421257,431342.1257,431342.1257,0,319,556,556000,FRA,FR,46.227638,2.213749,1.289,-3.435973,55.378051
3029,1,Cabbages,Germany,1108,2017,463.9255237,463.9255237,463925.5237,463925.5237,0,510,598,598000,DEU,DE,51.165691,10.451526,1.289,-3.435973,55.378051
3035,1,Cabbages,Greece,380,2017,119.4724593,119.4724593,119472.4593,119472.4593,0,226,154,154000,GRC,GR,39.074208,21.824312,1.289,-3.435973,55.378051
3037,1,Cabbages,Guatemala,83,2017,51.20248254,51.20248254,51202.48254,51202.48254,0,17,66,66000,GTM,GT,15.783471,-90.230759,1.289,-3.435973,55.378051
3043,1,Cabbages,Hong Kong,31,2017,16.29169899,16.29169899,16291.69899,16291.69899,0,10,21,21000,HKG,HK,22.396428,114.109497,1.289,-3.435973,55.378051
3047,1,Cabbages,Hungary,5,2017,2.32738557,2.32738557,2327.38557,2327.38557,0,2,3,3000,HUN,HU,47.162494,19.503304,1.289,-3.435973,55.378051
3050,1,Cabbages,India,11,2017,6.982156711,6.982156711,6982.156711,6982.156711,0,2,9,9000,IND,IN,20.593684,78.96288,1.289,-3.435973,55.378051
3062,1,Cabbages,Ireland,3644,2017,1218.774244,1218.774244,1218774.244,1218774.244,0,2073,1571,1571000,IRL,IE,53.41291,-8.24389,1.289,-3.435973,55.378051
3073,1,Cabbages,Israel,211,2017,141.9705198,141.9705198,141970.5198,141970.5198,0,28,183,183000,ISR,IL,31.046051,34.851612,1.289,-3.435973,55.378051
3084,1,Cabbages,Italy,1530,2017,646.2373933,646.2373933,646237.3933,646237.3933,0,697,833,833000,ITA,IT,41.87194,12.56738,1.289,-3.435973,55.378051
3104,1,Cabbages,Kenya,28,2017,18.61908456,18.61908456,18619.08456,18619.08456,0,4,24,24000,KEN,KE,-0.023559,37.906193,1.289,-3.435973,55.378051
3127,1,Cabbages,Morocco,1175,2017,482.5446082,482.5446082,482544.6082,482544.6082,0,553,622,622000,MAR,MA,31.791702,-7.09262,1.289,-3.435973,55.378051
3139,1,Cabbages,Netherlands,38356,2017,15214.11947,15214.11947,15214119.47,15214119.47,0,18745,19611,19611000,NLD,NL,52.132633,5.291266,1.289,-3.435973,55.378051
3157,1,Cabbages,Poland,604,2017,145.8494957,145.8494957,145849.4957,145849.4957,0,416,188,188000,POL,PL,51.919438,19.145136,1.289,-3.435973,55.378051
3168,1,Cabbages,Portugal,4684,2017,1771.140419,1771.140419,1771140.419,1771140.419,0,2401,2283,2283000,PRT,PT,39.399872,-8.224454,1.289,-3.435973,55.378051
3173,1,Cabbages,Romania,278,2017,98.52598914,98.52598914,98525.98914,98525.98914,0,151,127,127000,ROU,RO,45.943161,24.96676,1.289,-3.435973,55.378051
3175,1,Cabbages,Serbia,58,2017,17.84328937,17.84328937,17843.28937,17843.28937,0,35,23,23000,SRB,RS,44.016521,21.005859,1.289,-3.435973,55.378051
3186,1,Cabbages,South Africa,1024,2017,636.927851,636.927851,636927.851,636927.851,0,203,821,821000,ZAF,ZA,-30.559482,22.937506,1.289,-3.435973,55.378051
3191,1,Cabbages,South Korea,16,2017,11.63692785,11.63692785,11636.92785,11636.92785,0,1,15,15000,KOR,KR,35.907757,127.766922,1.289,-3.435973,55.378051
3202,1,Cabbages,Spain,31109,2017,13811.48177,13811.48177,13811481.77,13811481.77,0,13306,17803,17803000,ESP,ES,40.463667,-3.74922,1.289,-3.435973,55.378051
3223,1,Cabbages,Turkey,783,2017,255.2366175,255.2366175,255236.6175,255236.6175,0,454,329,329000,TUR,TR,38.963745,35.243322,1.289,-3.435973,55.378051
3224,1,Cabbages,Uganda,13,2017,7.757951901,7.757951901,7757.951901,7757.951901,0,3,10,10000,UGA,UG,1.373333,32.290275,1.289,-3.435973,55.378051
3225,1,Cabbages,Ukraine,11,2017,2.32738557,2.32738557,2327.38557,2327.38557,0,8,3,3000,UKR,UA,48.379433,31.16558,1.289,-3.435973,55.378051
3236,1,Cabbages,United States,19,2017,13.18851823,13.18851823,13188.51823,13188.51823,0,2,17,17000,USA,US,37.09024,-95.712891,1.289,-3.435973,55.378051
3237,0,Condiments,Antigua and Barbuda,22,2017,15.5159038,15.5159038,15515.9038,15515.9038,0,2,20,20000,ATG,AG,17.060816,-61.796428,1.289,-3.435973,55.378051
3238,0,"Meat, cattle and Meat, sheep, Condiments",Argentina,5926,2017,4131.109387,4131.109387,4131109.387,4131109.387,0,601,5325,5325000,ARG,AR,-38.416097,-63.616672,1.289,-3.435973,55.378051
3239,0,"Meat, cattle and Meat, sheep, Condiments",Australia,117734,2017,79865.01164,79865.01164,79865011.64,79865011.64,22,14766,102946,102946000,AUS,AU,-25.274398,133.775136,1.289,-3.435973,55.378051
3240,0,"Meat, cattle and Meat, sheep, Carrots, Condiments, Potatoes, Other vegetables",Austria,32030,2017,19509.69744,19509.69744,19509697.44,19509697.44,1,6881,25148,25148000,AUT,AT,47.516231,14.550072,1.289,-3.435973,55.378051
3241,0,Condiments,Azerbaijan,2,2017,1.55159038,1.55159038,1551.59038,1551.59038,0,0,2,2000,AZE,AZ,40.143105,47.576927,1.289,-3.435973,55.378051
3242,0,Condiments,Bahamas,2,2017,1.55159038,1.55159038,1551.59038,1551.59038,0,0,2,2000,BHS,BS,25.03428,-77.39628,1.289,-3.435973,55.378051
3243,0,Condiments,Bangladesh,607,2017,290.1474011,290.1474011,290147.4011,290147.4011,0,233,374,374000,BGD,BD,23.684994,90.356331,1.289,-3.435973,55.378051
3244,0,Condiments,Barbados,326,2017,168.3475562,168.3475562,168347.5562,168347.5562,0,109,217,217000,BRB,BB,13.193887,-59.543198,1.289,-3.435973,55.378051
3245,0,"Meat, cattle and Meat, sheep, Cabbages, Carrots, Condiments, Leeks, Potatoes, Other vegetables",Belgium,837760,2017,332166.796,332166.796,332166796,332166796,625,408972,428163,428163000,BEL,BE,50.503887,4.469936,1.289,-3.435973,55.378051
3246,0,Condiments,Belize,17,2017,10.08533747,10.08533747,10085.33747,10085.33747,0,4,13,13000,BLZ,BZ,17.189877,-88.49765,1.289,-3.435973,55.378051
3247,0,Condiments,Bolivia,100,2017,65.16679597,65.16679597,65166.79597,65166.79597,0,16,84,84000,BOL,BO,-16.290154,-63.588653,1.289,-3.435973,55.378051
3248,0,Condiments,Bosnia and Herzegovina,23,2017,13.96431342,13.96431342,13964.31342,13964.31342,0,5,18,18000,BIH,BA,43.915886,17.679076,1.289,-3.435973,55.378051
3249,0,"Meat, cattle and Meat, sheep",Botswana,28383,2017,19017.06749,19017.06749,19017067.49,19017067.49,0,3870,24513,24513000,BWA,BW,-22.328474,24.684866,1.289,-3.435973,55.378051
3250,0,"Meat, cattle and Meat, sheep, Condiments",Brazil,130313,2017,82371.6059,82371.6059,82371605.9,82371605.9,0,24136,106177,106177000,BGR,BG,-14.235004,-51.92528,1.289,-3.435973,55.378051
3251,0,"Meat, cattle and Meat, sheep, Cabbages, Carrots, Condiments, Leeks, Other vegetables",Bulgaria,894,2017,449.9612102,449.9612102,449961.2102,449961.2102,0,314,580,580000,BGR,BG,42.733883,25.48583,1.289,-3.435973,55.378051
3252,0,Condiments,Cambodia,1036,2017,477.1140419,477.1140419,477114.0419,477114.0419,0,421,615,615000,KHM,KH,12.565679,104.990963,1.289,-3.435973,55.378051
3253,0,Condiments,Cameroon,334,2017,199.3793638,199.3793638,199379.3638,199379.3638,0,77,257,257000,CMR,CM,7.369722,12.354722,1.289,-3.435973,55.378051
3254,0,"Meat, cattle and Meat, sheep, Condiments",Canada,19555,2017,12492.62995,12492.62995,12492629.95,12492629.95,10,3442,16103,16103000,CAN,CA,56.130366,-106.346771,1.289,-3.435973,55.378051
3255,0,"Meat, cattle and Meat, sheep, Condiments",Chile,1852,2017,1226.532196,1226.532196,1226532.196,1226532.196,0,271,1581,1581000,CHL,CL,-35.675147,-71.542969,1.289,-3.435973,55.378051
3256,0,"Meat, cattle and Meat, sheep, Cabbages, Carrots, Condiments, Leeks, Onions, Potatoes, Other vegetables",China,126288,2017,72434.44531,72434.44531,72434445.31,72434445.31,0,32920,93368,93368000,CHN,CN,35.86166,104.195397,1.289,-3.435973,55.378051
3257,0,"Condiments, Potatoes",Colombia,166,2017,114.8176881,114.8176881,114817.6881,114817.6881,0,18,148,148000,COL,CO,4.570868,-74.297333,1.289,-3.435973,55.378051
3258,0,Condiments,Costa Rica,406,2017,225.7564003,225.7564003,225756.4003,225756.4003,0,115,291,291000,CRI,CR,9.748917,-83.753428,1.289,-3.435973,55.378051
3259,0,Condiments,Cote d'Ivoire,60,2017,27.15283165,27.15283165,27152.83165,27152.83165,0,25,35,35000,CIV,CI,7.539989,-5.54708,1.289,-3.435973,55.378051
3260,0,"Condiments, Potatoes",Croatia,330,2017,106.283941,106.283941,106283.941,106283.941,0,193,137,137000,HRV,HR,45.1,15.2,1.289,-3.435973,55.378051
3261,0,"Meat, cattle and Meat, sheep, Condiments, Leeks, Potatoes, Other vegetables",Cyprus,22931,2017,6699.767261,6699.767261,6699767.261,6699767.261,0,14295,8636,8636000,CYP,CY,35.126413,33.429859,1.289,-3.435973,55.378051
3262,0,"Meat, cattle and Meat, sheep, Condiments, Onions, Potatoes",Czechia,13417,2017,9481.768813,9481.768813,9481768.813,9481768.813,0,1195,12222,12222000,CZE,CZ,49.817492,15.472962,1.289,-3.435973,55.378051
3263,0,"Meat, cattle and Meat, sheep, Cabbages, Carrots, Condiments, Potatoes",Denmark,398303,2017,258235.8417,258235.8417,258235841.7,258235841.7,10,65427,332866,332866000,DNK,DK,56.26392,9.501785,1.289,-3.435973,55.378051
3264,0,Condiments,Dominican Republic,401,2017,224.9806051,224.9806051,224980.6051,224980.6051,0,111,290,290000,DOM,DO,18.735693,-70.162651,1.289,-3.435973,55.378051
3265,0,Condiments,Ecuador,48,2017,24.82544608,24.82544608,24825.44608,24825.44608,0,16,32,32000,ECU,EC,-1.831239,-78.183406,1.289,-3.435973,55.378051
3266,0,"Condiments, Onions, Potatoes",Egypt,15539,2017,4446.082234,4446.082234,4446082.234,4446082.234,0,9808,5731,5731000,EGY,EG,26.820553,30.802498,1.289,-3.435973,55.378051
3267,0,Condiments,Estonia,876,2017,621.4119472,621.4119472,621411.9472,621411.9472,0,75,801,801000,EST,EE,58.595272,25.013607,1.289,-3.435973,55.378051
3268,0,Condiments,Eswatini,34,2017,22.49806051,22.49806051,22498.06051,22498.06051,0,5,29,29000,SWZ,SZ,-26.522503,31.465866,1.289,-3.435973,55.378051
3269,0,"Condiments, Leeks",Ethiopia,1159,2017,764.1582622,764.1582622,764158.2622,764158.2622,0,174,985,985000,ETH,ET,9.145,40.489673,1.289,-3.435973,55.378051
3270,0,"Meat, cattle and Meat, sheep",Falkland Islands (Malvinas),1976,2017,1207.913111,1207.913111,1207913.111,1207913.111,0,419,1557,1557000,FLK,FK,-51.796253,-59.523613,1.289,-3.435973,55.378051
3271,0,Condiments,Fiji,30,2017,17.06749418,17.06749418,17067.49418,17067.49418,0,8,22,22000,FJI,FJ,-16.578193,179.414413,1.289,-3.435973,55.378051
3272,0,"Meat, cattle and Meat, sheep, Condiments",Finland,2517,2017,1571.761055,1571.761055,1571761.055,1571761.055,0,491,2026,2026000,FIN,FI,61.92411,25.748151,1.289,-3.435973,55.378051
3273,0,"Meat, cattle and Meat, sheep, Cabbages, Carrots, Condiments, Leeks, Onions, Potatoes, Other vegetables",France,366014,2017,200809.9302,200809.9302,200809930.2,200809930.2,0,107170,258844,258844000,FRA,FR,46.227638,2.213749,1.289,-3.435973,55.378051
3274,0,Condiments,Georgia,6,2017,4.65477114,4.65477114,4654.77114,4654.77114,0,0,6,6000,GEO,GE,42.315407,43.356892,1.289,-3.435973,55.378051
3275,0,"Meat, cattle and Meat, sheep, Cabbages, Carrots, Condiments, Leeks, Potatoes, Other vegetables",Germany,537617,2017,302314.9728,302314.9728,302314972.8,302314972.8,1559,146374,389684,389684000,DEU,DE,51.165691,10.451526,1.289,-3.435973,55.378051
3276,0,Condiments,Ghana,2581,2017,1239.720714,1239.720714,1239720.714,1239720.714,0,983,1598,1598000,GHA,GH,7.946527,-1.023194,1.289,-3.435973,55.378051
3277,0,"Meat, cattle and Meat, sheep, Cabbages, Condiments, Potatoes, Other vegetables",Greece,26296,2017,16525.98914,16525.98914,16525989.14,16525989.14,0,4994,21302,21302000,GRC,GR,39.074208,21.824312,1.289,-3.435973,55.378051
3278,0,Condiments,Grenada,3,2017,2.32738557,2.32738557,2327.38557,2327.38557,0,0,3,3000,GRD,GD,12.262776,-61.604171,1.289,-3.435973,55.378051
3279,0,"Cabbages, Carrots",Guatemala,388,2017,251.3576416,251.3576416,251357.6416,251357.6416,0,64,324,324000,GTM,GT,15.783471,-90.230759,1.289,-3.435973,55.378051
3280,0,Condiments,Guyana,4,2017,2.32738557,2.32738557,2327.38557,2327.38557,0,1,3,3000,GUY,GY,4.860416,-58.93018,1.289,-3.435973,55.378051
3281,0,"Cabbages, Condiments, Other vegetables",Hong Kong,21356,2017,12189.29403,12189.29403,12189294.03,12189294.03,0,5644,15712,15712000,HKG,HK,22.396428,114.109497,1.289,-3.435973,55.378051
3282,0,"Meat, cattle and Meat, sheep, Cabbages, Condiments, Potatoes, Other vegetables",Hungary,19803,2017,12297.90535,12297.90535,12297905.35,12297905.35,0,3951,15852,15852000,HUN,HU,47.162494,19.503304,1.289,-3.435973,55.378051
3283,0,"Meat, cattle and Meat, sheep, Condiments",Iceland,5374,2017,3333.591932,3333.591932,3333591.932,3333591.932,0,1077,4297,4297000,ISL,IS,64.963051,-19.020835,1.289,-3.435973,55.378051
3284,0,"Cabbages, Carrots, Condiments, Leeks, Onions, Potatoes",India,26234,2017,15759.50349,15759.50349,15759503.49,15759503.49,0,5920,20314,20314000,IND,IN,20.593684,78.96288,1.289,-3.435973,55.378051
3285,0,Condiments,Indonesia,24857,2017,12481.76881,12481.76881,12481768.81,12481768.81,0,8768,16089,16089000,IDN,ID,-0.789275,113.921327,1.289,-3.435973,55.378051
3286,0,Condiments,Iran,128,2017,60.51202483,60.51202483,60512.02483,60512.02483,0,50,78,78000,IRN,IR,32.427908,53.688046,1.289,-3.435973,55.378051
3287,0,Condiments,Iraq,1,2017,0.77579519,0.77579519,775.7951901,775.7951901,0,0,1,1000,IRQ,IQ,33.223191,43.679291,1.289,-3.435973,55.378051
3288,0,"Meat, cattle and Meat, sheep, Cabbages, Carrots, Condiments, Leeks, Onions, Potatoes, Other vegetables",Ireland,1925186,2017,1224955.004,1224955.004,1224955004,1224955004,6224,339995,1578967,1578967000,IRL,IE,53.41291,-8.24389,1.289,-3.435973,55.378051
3289,0,"Cabbages, Carrots, Condiments, Potatoes, Other vegetables",Israel,88566,2017,26858.02948,26858.02948,26858029.48,26858029.48,0,53946,34620,34620000,ISR,IL,31.046051,34.851612,1.289,-3.435973,55.378051
3290,0,"Meat, cattle and Meat, sheep, Cabbages, Carrots, Condiments, Leeks, Onions, Potatoes, Other vegetables",Italy,551963,2017,278958.8829,278958.8829,278958882.9,278958882.9,0,192385,359578,359578000,ITA,IT,41.87194,12.56738,1.289,-3.435973,55.378051
3291,0,Condiments,Jamaica,3416,2017,1941.039566,1941.039566,1941039.566,1941039.566,0,914,2502,2502000,JAM,JM,18.109581,-77.297508,1.289,-3.435973,55.378051
3292,0,"Meat, cattle and Meat, sheep, Condiments, Potatoes, Other vegetables",Japan,21313,2017,13964.31342,13964.31342,13964313.42,13964313.42,0,3313,18000,18000000,JPN,JP,36.204824,138.252924,1.289,-3.435973,55.378051
3293,0,"Condiments, Leeks",Jordan,90,2017,62.8394104,62.8394104,62839.4104,62839.4104,0,9,81,81000,JOR,JO,30.585164,36.238414,1.289,-3.435973,55.378051
3294,0,"Cabbages, Carrots, Condiments, Leeks",Kenya,189,2017,125.6788208,125.6788208,125678.8208,125678.8208,0,27,162,162000,KEN,KE,-0.023559,37.906193,1.289,-3.435973,55.378051
3295,0,Condiments,Kuwait,11,2017,7.757951901,7.757951901,7757.951901,7757.951901,0,1,10,10000,KWT,KW,29.31166,47.481766,1.289,-3.435973,55.378051
3296,0,Condiments,Laos,2,2017,1.55159038,1.55159038,1551.59038,1551.59038,0,0,2,2000,LAO,LA,19.85627,102.495496,1.289,-3.435973,55.378051
3297,0,"Condiments, Potatoes, Other vegetables",Latvia,1952,2017,955.003879,955.003879,955003.879,955003.879,0,721,1231,1231000,LVA,LV,56.879635,24.603189,1.289,-3.435973,55.378051
3298,0,Condiments,Lebanon,1200,2017,675.7176106,675.7176106,675717.6106,675717.6106,0,329,871,871000,LBN,LB,33.854721,35.862285,1.289,-3.435973,55.378051
3299,0,"Carrots, Condiments, Meat, sheep; Potatoes, Other vegetables",Lithuania,10333,2017,4430.56633,4430.56633,4430566.33,4430566.33,0,4622,5711,5711000,LTU,LT,55.169438,23.881275,1.289,-3.435973,55.378051
3300,0,Condiments,Luxembourg,275,2017,211.7920869,211.7920869,211792.0869,211792.0869,0,2,273,273000,LUX,LU,49.815273,6.129583,1.289,-3.435973,55.378051
3301,0,Condiments,Macao,13,2017,6.982156711,6.982156711,6982.156711,6982.156711,0,4,9,9000,MAC,MO,22.198745,113.543873,1.289,-3.435973,55.378051
3302,0,Condiments,Madagascar,2,2017,1.55159038,1.55159038,1551.59038,1551.59038,0,0,2,2000,MDG,MG,-18.766947,46.869107,1.289,-3.435973,55.378051
3303,0,Condiments,Malawi,6,2017,0.77579519,0.77579519,775.7951901,775.7951901,0,5,1,1000,MWI,MW,-13.254308,34.301525,1.289,-3.435973,55.378051
3304,0,Condiments,Malaysia,17984,2017,9944.142746,9944.142746,9944142.746,9944142.746,0,5166,12818,12818000,MYS,MY,4.210484,101.975766,1.289,-3.435973,55.378051
3305,0,"Meat, cattle and Meat, sheep, Condiments, Potatoes",Malta,1912,2017,861.9084562,861.9084562,861908.4562,861908.4562,0,801,1111,1111000,MLT,MT,35.937496,14.375416,1.289,-3.435973,55.378051
3306,0,Condiments,Mauritius,39,2017,19.39487975,19.39487975,19394.87975,19394.87975,0,14,25,25000,MUS,MU,-20.348404,57.552152,1.289,-3.435973,55.378051
3307,0,Condiments,Mexico,5846,2017,3824.670287,3824.670287,3824670.287,3824670.287,0,916,4930,4930000,MEX,MX,23.634501,-102.552784,1.289,-3.435973,55.378051
3308,0,"Cabbages, Condiments, Other vegetables",Morocco,5064,2017,2161.3654,2161.3654,2161365.4,2161365.4,0,2278,2786,2786000,MAR,MA,31.791702,-7.09262,1.289,-3.435973,55.378051
3309,0,"Meat, cattle and Meat, sheep",Namibia,16183,2017,10965.86501,10965.86501,10965865.01,10965865.01,0,2048,14135,14135000,NAM,NA2,-22.95764,18.49041,1.289,-3.435973,55.378051
3310,0,Condiments,Nepal,187,2017,106.283941,106.283941,106283.941,106283.941,0,50,137,137000,NPL,NP,28.394857,84.124008,1.289,-3.435973,55.378051
3311,0,"Meat, cattle and Meat, sheep, Cabbages, Carrots, Condiments, Leeks, Onions, Potatoes, Other vegetables",Netherlands,1555690,2017,707969.744,707969.744,707969744,707969744,904,642213,912573,912573000,NLD,NL,52.132633,5.291266,1.289,-3.435973,55.378051
3312,0,"Meat, cattle and Meat, sheep, Condiments",New Zealand,399279,2017,268529.8681,268529.8681,268529868.1,268529868.1,0,53144,346135,346135000,NZL,NZ,-40.900557,174.885971,1.289,-3.435973,55.378051
3313,0,Condiments,Nigeria,1933,2017,854.9262995,854.9262995,854926.2995,854926.2995,0,831,1102,1102000,NGA,NG,9.081999,8.675277,1.289,-3.435973,55.378051
3314,0,Condiments,North Macedonia,309,2017,215.6710628,215.6710628,215671.0628,215671.0628,0,31,278,278000,MKD,MK,41.608635,21.745275,1.289,-3.435973,55.378051
3315,0,"Meat, cattle and Meat, sheep, Condiments, Potatoes",Norway,6104,2017,4134.212568,4134.212568,4134212.568,4134212.568,0,775,5329,5329000,NOR,NO,60.472024,8.468946,1.289,-3.435973,55.378051
3316,0,Condiments,Oman,2,2017,1.55159038,1.55159038,1551.59038,1551.59038,0,0,2,2000,OMN,OM,21.512583,55.923255,1.289,-3.435973,55.378051
3317,0,"Carrots, Condiments",Pakistan,6050,2017,3496.508922,3496.508922,3496508.922,3496508.922,0,1543,4507,4507000,PAK,PK,30.375321,69.345116,1.289,-3.435973,55.378051
3318,0,Condiments,Palestine,46,2017,30.25601241,30.25601241,30256.01241,30256.01241,0,7,39,39000,PSE,PS,31.952162,35.233154,1.289,-3.435973,55.378051
3319,0,"Meat, cattle and Meat, sheep",Paraguay,6873,2017,4739.332816,4739.332816,4739332.816,4739332.816,0,764,6109,6109000,PRY,PY,-23.442503,-58.443832,1.289,-3.435973,55.378051
3320,0,Condiments,Peru,161,2017,114.0418929,114.0418929,114041.8929,114041.8929,0,14,147,147000,PER,PE,-9.189967,-75.015152,1.289,-3.435973,55.378051
3321,0,"Condiments, Potatoes",Philippines,5839,2017,3149.728472,3149.728472,3149728.472,3149728.472,0,1779,4060,4060000,PHL,PH,12.879721,121.774017,1.289,-3.435973,55.378051
3322,0,"Meat, cattle and Meat, sheep, Cabbages, Carrots, Condiments, Leeks, Onions, Potatoes, Other vegetables",Poland,275199,2017,154009.3095,154009.3095,154009309.5,154009309.5,0,76681,198518,198518000,POL,PL,51.919438,19.145136,1.289,-3.435973,55.378051
3323,0,"Meat, cattle and Meat, sheep, Cabbages, Carrots, Condiments, Leeks, Potatoes, Other vegetables",Portugal,85536,2017,30866.56323,30866.56323,30866563.23,30866563.23,0,45749,39787,39787000,PRT,PT,39.399872,-8.224454,1.289,-3.435973,55.378051
3324,0,Condiments,Qatar,1,2017,0.77579519,0.77579519,775.7951901,775.7951901,0,0,1,1000,QAT,QA,25.354826,51.183884,1.289,-3.435973,55.378051
3325,0,"Meat, cattle and Meat, sheep, Cabbages, Carrots, Condiments, Leeks, Potatoes, Other vegetables",Romania,8712,2017,5438.324282,5438.324282,5438324.282,5438324.282,0,1702,7010,7010000,ROU,RO,45.943161,24.96676,1.289,-3.435973,55.378051
3326,0,Condiments,Russian Federation,165,2017,124.9030256,124.9030256,124903.0256,124903.0256,0,4,161,161000,RUS,RU,61.52401,105.318756,1.289,-3.435973,55.378051
3327,0,Condiments,Saint Lucia,254,2017,143.5221102,143.5221102,143522.1102,143522.1102,0,69,185,185000,LCA,LC,13.909444,-60.978893,1.289,-3.435973,55.378051
3328,0,Condiments,Saudi Arabia,215,2017,122.57564,122.57564,122575.64,122575.64,0,57,158,158000,SAU,SA,23.885942,45.079162,1.289,-3.435973,55.378051
3329,0,Other vegetables,Senegal,4492,2017,1894.491854,1894.491854,1894491.854,1894491.854,0,2050,2442,2442000,SEN,SN,14.497401,-14.452362,1.289,-3.435973,55.378051
3330,0,"Cabbages, Condiments",Serbia,10664,2017,5391.000776,5391.000776,5391000.776,5391000.776,0,3715,6949,6949000,SRB,RS,44.016521,21.005859,1.289,-3.435973,55.378051
3331,0,Condiments,Singapore,15080,2017,7744.763382,7744.763382,7744763.382,7744763.382,0,5097,9983,9983000,SGP,SG,1.352083,103.819836,1.289,-3.435973,55.378051
3332,0,Condiments,Slovakia,9177,2017,5875.87277,5875.87277,5875872.77,5875872.77,0,1603,7574,7574000,SVK,SK,48.669026,19.699024,1.289,-3.435973,55.378051
3333,0,Condiments,Slovenia,2,2017,1.55159038,1.55159038,1551.59038,1551.59038,0,0,2,2000,SVN,SI,46.151241,14.995463,1.289,-3.435973,55.378051
3334,0,"Cabbages, Carrots, Condiments, Leeks, Onions, Potatoes, Other vegetables",South Africa,17383,2017,10605.89604,10605.89604,10605896.04,10605896.04,0,3712,13671,13671000,ZAF,ZA,-30.559482,22.937506,1.289,-3.435973,55.378051
3335,0,"Cabbages, Condiments, Leeks, Other vegetables",South Korea,24069,2017,14371.6059,14371.6059,14371605.9,14371605.9,0,5544,18525,18525000,KOR,KR,35.907757,127.766922,1.289,-3.435973,55.378051
3336,0,"Meat, cattle and Meat, sheep, Cabbages, Carrots, Condiments, Leeks, Onions, Potatoes, Other vegetables",Spain,352914,2017,139217.2227,139217.2227,139217222.7,139217222.7,0,173463,179451,179451000,ESP,ES,40.463667,-3.74922,1.289,-3.435973,55.378051
3337,0,Condiments,Sri Lanka,6374,2017,3957.331265,3957.331265,3957331.265,3957331.265,0,1273,5101,5101000,LKA,LK,7.873054,80.771797,1.289,-3.435973,55.378051
3338,0,"Meat, cattle and Meat, sheep, Condiments, Potatoes",Sweden,62637,2017,40782.00155,40782.00155,40782001.55,40782001.55,0,10069,52568,52568000,SWE,SE,60.128161,18.643501,1.289,-3.435973,55.378051
3339,0,Condiments,Switzerland,61677,2017,43192.39721,43192.39721,43192397.21,43192397.21,0,6002,55675,55675000,CHE,CH,46.818188,8.227512,1.289,-3.435973,55.378051
3340,0,Condiments,Syria,75,2017,27.92862684,27.92862684,27928.62684,27928.62684,0,39,36,36000,SYR,SY,34.802075,38.996815,1.289,-3.435973,55.378051
3341,0,Condiments,Taiwan,5870,2017,3487.199379,3487.199379,3487199.379,3487199.379,0,1375,4495,4495000,TWN,TW,23.69781,120.960515,1.289,-3.435973,55.378051
3342,0,Leeks,Tanzania,38,2017,26.37703646,26.37703646,26377.03646,26377.03646,0,4,34,34000,TZA,TZ,-6.369028,34.888822,1.289,-3.435973,55.378051
3343,0,"Condiments, Leeks, Onions",Thailand,134731,2017,66615.98138,66615.98138,66615981.38,66615981.38,0,48863,85868,85868000,THA,TH,15.870032,100.992541,1.289,-3.435973,55.378051
3344,0,Condiments,Trinidad and Tobago,2142,2017,1570.98526,1570.98526,1570985.26,1570985.26,0,117,2025,2025000,TTO,TT,10.691803,-61.222503,1.289,-3.435973,55.378051
3345,0,Condiments,Tunisia,865,2017,390.2249806,390.2249806,390224.9806,390224.9806,0,362,503,503000,TUN,TN,33.886917,9.537499,1.289,-3.435973,55.378051
3346,0,"Cabbages, Carrots, Condiments, Other vegetables",Turkey,9731,2017,4279.286268,4279.286268,4279286.268,4279286.268,0,4215,5516,5516000,TUR,TR,38.963745,35.243322,1.289,-3.435973,55.378051
3347,0,"Cabbages, Leeks",Uganda,35,2017,23.2738557,23.2738557,23273.8557,23273.8557,0,5,30,30000,UGA,UG,1.373333,32.290275,1.289,-3.435973,55.378051
3348,0,"Cabbages, Condiments",Ukraine,7635,2017,3656.322731,3656.322731,3656322.731,3656322.731,0,2922,4713,4713000,UKR,UA,48.379433,31.16558,1.289,-3.435973,55.378051
3349,0,Condiments,United Arab Emirates,2240,2017,1641.582622,1641.582622,1641582.622,1641582.622,0,124,2116,2116000,ARE,AE,23.424076,53.847818,1.289,-3.435973,55.378051
3350,0,"Meat, cattle and Meat, sheep, Cabbages, Carrots, Condiments, Leeks, Onions, Potatoes",United States,266343,2017,182037.2382,182037.2382,182037238.2,182037238.2,0,31697,234646,234646000,USA,US,37.09024,-95.712891,1.289,-3.435973,55.378051
3351,0,"Meat, cattle and Meat, sheep, Condiments",Uruguay,23530,2017,16474.78666,16474.78666,16474786.66,16474786.66,0,2294,21236,21236000,URY,UY,-32.522779,-55.765835,1.289,-3.435973,55.378051
3352,0,"Condiments, Leeks, Potatoes",Viet Nam,8976,2017,5273.855702,5273.855702,5273855.702,5273855.702,0,2178,6798,6798000,VNM,VN,14.058324,108.277199,1.289,-3.435973,55.378051
3353,0,"Carrots, Condiments, Leeks",Zimbabwe,75,2017,50.42668735,50.42668735,50426.68735,50426.68735,0,10,65,65000,ZWE,ZW,-19.015438,29.154857,1.289,-3.435973,55.378051